Timestamp,Status,URL,Response
2025-07-10T19:18:58.101610,OK,https://sim.co.id,200
2025-07-10T19:18:58.855460,ERROR,https://sysbpr.simgroup.co.id,405
2025-07-10T19:19:00.492574,OK,https://gawe.id,200
2025-07-10T19:19:00.886265,DOWN,https://httpess.simgroup.co.id,"HTTPConnectionPool(host='httpess.simgroup.co.id', port=80): Max retries exceeded with url: / (Caused by NameResolutionError(""<urllib3.connection.HTTPConnection object at 0x74b59783b2b0>: Failed to resolve 'httpess.simgroup.co.id' ([Errno -2] Name or service not known)""))"
2025-07-10T19:19:01.435462,ERROR,https://newgallery.sim.co.id/login,404
2025-07-10T19:19:01.985746,OK,https://ticketing.simgroup.co.id,200
2025-07-10T19:19:02.619653,OK,https://cleaning.id/login,200
2025-07-10T19:19:03.391971,OK,https://salesrefi.com,200
2025-07-10T19:19:03.823663,OK,https://gajianduluan.id/login,200
2025-07-10T19:19:04.280619,OK,https://cs.sim.co.id,200
2025-07-10T19:19:04.873467,OK,https://erp.simgroup.co.id,200
2025-07-10T19:19:05.356212,OK,http://117.102.114.14:8899/MobileSurvey/apps/auth/login,200
2025-07-10T19:19:05.837172,OK,https://metabase.simgroup.co.id/,200
2025-07-10T19:19:08.592678,OK,https://sim.co.id,200
2025-07-10T19:19:09.103415,OK,https://PHL.co.id,200
2025-07-10T19:19:09.531024,OK,http://reportingbpr.simgroup.co.id/login,200
2025-07-10T19:19:10.627109,DOWN,https://arzetilaw.co.id,"HTTPConnectionPool(host='arzetilaw.co.id', port=80): Max retries exceeded with url: / (Caused by NameResolutionError(""<urllib3.connection.HTTPConnection object at 0x74b59783b8e0>: Failed to resolve 'arzetilaw.co.id' ([Errno -2] Name or service not known)""))"
2025-07-10T19:19:11.107357,OK,https://cerdasmulia.id,200
2025-07-10T19:21:08.653776,OK,https://sim.co.id,200
2025-07-10T19:21:10.514215,ERROR,https://sysbpr.simgroup.co.id,405
2025-07-10T19:21:11.159602,OK,https://gawe.id,200
2025-07-10T19:21:11.525970,DOWN,https://httpess.simgroup.co.id,"HTTPConnectionPool(host='httpess.simgroup.co.id', port=80): Max retries exceeded with url: / (Caused by NameResolutionError(""<urllib3.connection.HTTPConnection object at 0x7c7659e63310>: Failed to resolve 'httpess.simgroup.co.id' ([Errno -2] Name or service not known)""))"
2025-07-10T19:21:12.046210,ERROR,https://newgallery.sim.co.id/login,404
2025-07-10T19:21:12.902584,OK,https://ticketing.simgroup.co.id,200
2025-07-10T19:21:13.616374,OK,https://cleaning.id/login,200
2025-07-10T19:21:14.341693,OK,https://salesrefi.com,200
2025-07-10T19:21:14.855528,OK,https://gajianduluan.id/login,200
2025-07-10T19:21:15.346478,OK,https://cs.sim.co.id,200
2025-07-10T19:21:16.021910,OK,https://erp.simgroup.co.id,200
2025-07-10T19:21:16.488461,OK,http://117.102.114.14:8899/MobileSurvey/apps/auth/login,200
2025-07-10T19:21:16.979858,OK,https://metabase.simgroup.co.id/,200
2025-07-10T19:21:19.749988,OK,https://sim.co.id,200
2025-07-10T19:21:20.262628,OK,https://PHL.co.id,200
2025-07-10T19:21:20.817995,OK,http://reportingbpr.simgroup.co.id/login,200
2025-07-10T19:21:21.367256,DOWN,https://arzetilaw.co.id,"HTTPConnectionPool(host='arzetilaw.co.id', port=80): Max retries exceeded with url: / (Caused by NameResolutionError(""<urllib3.connection.HTTPConnection object at 0x7c7659e60ca0>: Failed to resolve 'arzetilaw.co.id' ([Errno -2] Name or service not known)""))"
2025-07-10T19:21:21.932014,OK,https://cerdasmulia.id,200
2025-07-10T19:21:22.489369,DOWN,https://jagoti.simgroup.co.id,Unknown error
2025-07-10T19:21:23.066336,OK,https://jagoti.co.id,200
2025-07-10T19:21:23.583727,OK,https://mail.simgroup.co.id,200
2025-07-10T19:21:24.304929,OK,https://play.google.com/store/apps/details?id=id.gawe.gaweid2,200
2025-07-10T19:21:24.842733,OK,http://epsikotest.gawe.id/,200
2025-07-10T19:21:25.507503,OK,https://cleaning.id/login,200
2025-07-10T19:21:26.036092,OK,https://mobile.sysbpr.simgroup.co.id/auth/login,200
2025-07-10T19:21:27.903901,ERROR,https://sysbpr.simgroup.co.id/intranet/api.php?page=termination,405
2025-07-10T19:21:29.833033,ERROR,https://sysbpr.simgroup.co.id/intranet/sources/api/slip.php,405
2025-07-10T19:21:30.520207,OK,https://kiss.gajianduluan.id:8890/,200
2025-07-10T19:21:31.105620,OK,http://css.simgroup.co.id/,200
2025-07-10T19:23:22.879903,OK,https://sim.co.id,200
2025-07-10T19:23:23.807916,ERROR,https://sysbpr.simgroup.co.id,405
2025-07-10T19:23:24.523137,OK,https://gawe.id,200
2025-07-10T19:23:25.029747,OK,http://simgroup.co.id,200
2025-07-10T19:23:26.556112,ERROR,https://newgallery.sim.co.id/login,404
2025-07-10T19:23:27.172083,OK,https://ticketing.simgroup.co.id,200
2025-07-10T19:23:27.851293,OK,https://cleaning.id/login,200
2025-07-10T19:23:28.508172,OK,https://salesrefi.com,200
2025-07-10T19:23:28.991711,OK,https://gajianduluan.id/login,200
2025-07-10T19:23:29.543417,OK,https://cs.sim.co.id,200
2025-07-10T19:23:30.133402,OK,https://erp.simgroup.co.id,200
2025-07-10T19:23:30.608085,ERROR,http://117.102.114.14:8899/,404
2025-07-10T19:23:31.119209,OK,https://metabase.simgroup.co.id/,200
2025-07-10T19:23:33.945433,OK,https://sim.co.id,200
2025-07-10T19:23:34.609088,OK,https://PHL.co.id,200
2025-07-10T19:23:35.104866,OK,http://reportingbpr.simgroup.co.id/login,200
2025-07-10T19:23:40.281416,DOWN,https://arzetilaw.co.id,"HTTPConnectionPool(host='arzetilaw.co.id', port=80): Max retries exceeded with url: / (Caused by NameResolutionError(""<urllib3.connection.HTTPConnection object at 0x7be0f7a63310>: Failed to resolve 'arzetilaw.co.id' ([Errno -2] Name or service not known)""))"
2025-07-10T19:23:41.056027,OK,https://cerdasmulia.id,200
2025-07-10T19:23:41.625496,DOWN,https://jagoti.simgroup.co.id,Unknown error
2025-07-10T19:23:42.145068,OK,https://jagoti.co.id,200
2025-07-10T19:23:42.651602,OK,https://mail.simgroup.co.id,200
2025-07-10T19:23:43.292826,OK,https://play.google.com/store/apps/details?id=id.gawe.gaweid2,200
2025-07-10T19:23:43.796283,OK,http://epsikotest.gawe.id/,200
2025-07-10T19:23:44.438880,OK,https://cleaning.id/login,200
2025-07-10T19:23:44.943000,OK,https://mobile.sysbpr.simgroup.co.id/auth/login,200
2025-07-10T19:23:45.583164,OK,https://kiss.gajianduluan.id:8890/,200
2025-07-10T19:23:46.129527,OK,http://css.simgroup.co.id/,200
2025-07-10T19:27:07.150228,OK,https://sim.co.id,200
2025-07-10T19:27:08.919241,ERROR,https://sysbpr.simgroup.co.id,405
2025-07-10T19:27:10.807944,OK,https://gawe.id,200
2025-07-10T19:27:11.288592,OK,http://simgroup.co.id,200
2025-07-10T19:27:11.806999,ERROR,https://newgallery.sim.co.id/login,404
2025-07-10T19:27:12.323963,OK,https://ticketing.simgroup.co.id,200
2025-07-10T19:27:13.040502,OK,https://cleaning.id/login,200
2025-07-10T19:27:13.834171,OK,https://salesrefi.com,200
2025-07-10T19:27:14.343302,OK,https://gajianduluan.id/login,200
2025-07-10T19:27:14.873288,OK,https://cs.sim.co.id,200
2025-07-10T19:27:15.438788,OK,https://erp.simgroup.co.id,200
2025-07-10T19:27:15.906755,ERROR,http://117.102.114.14:8899/,404
2025-07-10T19:27:16.421090,OK,https://metabase.simgroup.co.id/,200
2025-07-10T19:27:19.333814,OK,https://sim.co.id,200
2025-07-10T19:27:19.996547,OK,https://PHL.co.id,200
2025-07-10T19:27:20.476757,OK,http://reportingbpr.simgroup.co.id/login,200
2025-07-10T19:27:22.045784,DOWN,https://arzetilaw.co.id,"HTTPConnectionPool(host='arzetilaw.co.id', port=80): Max retries exceeded with url: / (Caused by NameResolutionError(""<urllib3.connection.HTTPConnection object at 0x70e8f20d3310>: Failed to resolve 'arzetilaw.co.id' ([Errno -2] Name or service not known)""))"
2025-07-10T19:27:22.630761,OK,https://cerdasmulia.id,200
2025-07-10T19:27:23.206031,DOWN,https://jagoti.simgroup.co.id,Unknown error
2025-07-10T19:27:23.787947,OK,https://jagoti.co.id,200
2025-07-10T19:27:24.255172,OK,https://mail.simgroup.co.id,200
2025-07-10T19:27:24.875518,OK,https://play.google.com/store/apps/details?id=id.gawe.gaweid2,200
2025-07-10T19:27:25.374160,OK,http://epsikotest.gawe.id/,200
2025-07-10T19:27:26.049242,OK,https://cleaning.id/login,200
2025-07-10T19:27:26.571146,OK,https://mobile.sysbpr.simgroup.co.id/auth/login,200
2025-07-10T19:27:27.131269,OK,https://kiss.gajianduluan.id:8890/,200
2025-07-10T19:27:27.691087,OK,http://css.simgroup.co.id/,200
2025-07-10T19:33:10.278808,OK,https://sim.co.id,200
2025-07-10T19:33:12.270373,ERROR,https://sysbpr.simgroup.co.id,405
2025-07-10T19:33:13.569803,OK,https://gawe.id,200
2025-07-10T19:33:14.877704,OK,http://simgroup.co.id,200
2025-07-10T19:33:15.674486,ERROR,https://newgallery.sim.co.id/login,404
2025-07-10T19:33:16.586154,OK,https://ticketing.simgroup.co.id,200
2025-07-10T19:33:17.430433,OK,https://cleaning.id/login,200
2025-07-10T19:33:19.024537,OK,https://salesrefi.com,200
2025-07-10T19:33:19.680456,OK,https://gajianduluan.id/login,200
2025-07-10T19:33:20.393338,OK,https://cs.sim.co.id,200
2025-07-10T19:33:21.320652,OK,https://erp.simgroup.co.id,200
2025-07-10T19:33:21.938701,ERROR,http://117.102.114.14:8899/,404
2025-07-10T19:33:22.678989,OK,https://metabase.simgroup.co.id/,200
2025-07-10T19:33:25.736570,OK,https://sim.co.id,200
2025-07-10T19:33:26.475632,OK,https://PHL.co.id,200
2025-07-10T19:33:27.231724,OK,http://reportingbpr.simgroup.co.id/login,200
2025-07-10T19:33:31.564285,DOWN,https://arzetilaw.co.id,"HTTPConnectionPool(host='arzetilaw.co.id', port=80): Max retries exceeded with url: / (Caused by NameResolutionError(""<urllib3.connection.HTTPConnection object at 0x7eab2546b310>: Failed to resolve 'arzetilaw.co.id' ([Errno -2] Name or service not known)""))"
2025-07-10T19:33:32.402880,OK,https://cerdasmulia.id,200
2025-07-10T19:33:33.455562,DOWN,https://jagoti.simgroup.co.id,Unknown error
2025-07-10T19:33:34.410899,OK,https://jagoti.co.id,200
2025-07-10T19:33:35.099866,OK,https://mail.simgroup.co.id,200
2025-07-10T19:33:36.287729,OK,https://play.google.com/store/apps/details?id=id.gawe.gaweid2,200
2025-07-10T19:33:37.045024,OK,http://epsikotest.gawe.id/,200
2025-07-10T19:33:37.994296,OK,https://cleaning.id/login,200
2025-07-10T19:33:38.608427,OK,https://mobile.sysbpr.simgroup.co.id/auth/login,200
2025-07-10T19:33:39.154582,OK,https://kiss.gajianduluan.id:8890/,200
2025-07-10T19:33:39.802186,OK,http://css.simgroup.co.id/,200
2025-07-11T08:21:21.398453,OK,https://sim.co.id,200
2025-07-11T08:21:22.055997,OK,https://sysbpr.simgroup.co.id,200
2025-07-11T08:21:28.921745,OK,http://gawe.id,200
2025-07-11T08:21:29.331607,OK,http://simgroup.co.id,200
2025-07-11T08:21:29.713610,ERROR,https://newgallery.sim.co.id/login,404
2025-07-11T08:21:31.105964,OK,https://ticketing.simgroup.co.id,200
2025-07-11T08:21:31.640572,OK,https://cleaning.id/login,200
2025-07-11T08:21:32.228219,OK,https://salesrefi.com,200
2025-07-11T08:21:32.693307,OK,https://gajianduluan.id/login,200
2025-07-11T08:21:33.558871,OK,https://cs.sim.co.id,200
2025-07-11T08:21:34.027639,OK,https://erp.simgroup.co.id,200
2025-07-11T08:21:34.417429,ERROR,http://117.102.114.14:8899/,404
2025-07-11T08:21:34.870139,OK,https://metabase.simgroup.co.id/,200
2025-07-11T08:21:37.345705,OK,https://sim.co.id,200
2025-07-11T08:21:37.736429,OK,https://PHL.co.id,200
2025-07-11T08:21:38.137159,OK,http://reportingbpr.simgroup.co.id/login,200
2025-07-11T08:21:38.477323,DOWN,https://arzetilaw.co.id,"HTTPConnectionPool(host='arzetilaw.co.id', port=80): Max retries exceeded with url: / (Caused by NameResolutionError(""<urllib3.connection.HTTPConnection object at 0x7c3995e3cc10>: Failed to resolve 'arzetilaw.co.id' ([Errno -2] Name or service not known)""))"
2025-07-11T08:21:39.278984,OK,https://cerdasmulia.id,200
2025-07-11T08:21:39.750533,DOWN,https://jagoti.simgroup.co.id,Unknown error
2025-07-11T08:21:40.271489,OK,https://jagoti.co.id,200
2025-07-11T08:21:40.680810,OK,https://mail.simgroup.co.id,200
2025-07-11T08:21:41.246379,OK,https://play.google.com/store/apps/details?id=id.gawe.gaweid2,200
2025-07-11T08:21:41.728463,OK,http://epsikotest.gawe.id/,200
2025-07-11T08:21:42.234872,OK,https://cleaning.id/login,200
2025-07-11T08:21:42.702834,OK,https://mobile.sysbpr.simgroup.co.id/auth/login,200
2025-07-11T08:21:43.258800,OK,https://kiss.gajianduluan.id:8890/,200
2025-07-11T08:21:43.748898,OK,http://css.simgroup.co.id/,200
2025-07-11T08:29:24.221160,OK,https://sim.co.id,200
2025-07-11T08:29:24.892820,OK,https://sysbpr.simgroup.co.id,200
2025-07-11T08:29:31.664023,OK,http://gawe.id,200
2025-07-11T08:29:32.124364,OK,http://simgroup.co.id,200
2025-07-11T08:29:32.518257,ERROR,https://newgallery.sim.co.id/login,404
2025-07-11T08:29:32.985746,OK,https://ticketing.simgroup.co.id,200
2025-07-11T08:29:33.527248,OK,https://cleaning.id/login,200
2025-07-11T08:29:34.045296,OK,https://salesrefi.com,200
2025-07-11T08:29:34.462718,OK,https://gajianduluan.id/login,200
2025-07-11T08:29:34.964567,OK,https://cs.sim.co.id,200
2025-07-11T08:29:35.421517,OK,https://erp.simgroup.co.id,200
2025-07-11T08:29:35.819497,ERROR,http://117.102.114.14:8899/,404
2025-07-11T08:29:36.288396,OK,https://metabase.simgroup.co.id/,200
2025-07-11T08:29:38.898680,OK,https://sim.co.id,200
2025-07-11T08:29:39.294951,OK,https://PHL.co.id,200
2025-07-11T08:29:39.682750,OK,http://reportingbpr.simgroup.co.id/login,200
2025-07-11T08:29:40.022115,DOWN,https://arzetilaw.co.id,"HTTPConnectionPool(host='arzetilaw.co.id', port=80): Max retries exceeded with url: / (Caused by NameResolutionError(""<urllib3.connection.HTTPConnection object at 0x79273c4ccc10>: Failed to resolve 'arzetilaw.co.id' ([Errno -2] Name or service not known)""))"
2025-07-11T08:29:40.471289,OK,https://cerdasmulia.id,200
2025-07-11T08:29:40.945448,DOWN,https://jagoti.simgroup.co.id,Unknown error
2025-07-11T08:29:41.447504,OK,https://jagoti.co.id,200
2025-07-11T08:29:41.862973,OK,https://mail.simgroup.co.id,200
2025-07-11T08:29:42.440130,OK,https://play.google.com/store/apps/details?id=id.gawe.gaweid2,200
2025-07-11T08:29:42.903670,OK,http://epsikotest.gawe.id/,200
2025-07-11T08:29:43.409909,OK,https://cleaning.id/login,200
2025-07-11T08:29:43.927614,OK,https://mobile.sysbpr.simgroup.co.id/auth/login,200
2025-07-11T08:29:44.529149,OK,https://kiss.gajianduluan.id:8890/,200
2025-07-11T08:29:45.176412,OK,http://css.simgroup.co.id/,200
2025-07-11T08:32:41.195687,OK,https://sim.co.id,200
2025-07-11T08:32:41.881013,OK,https://sysbpr.simgroup.co.id,200
2025-07-11T08:32:43.592726,OK,https://gawe.id,200
2025-07-11T08:32:44.023170,OK,http://simgroup.co.id,200
2025-07-11T08:32:44.404368,ERROR,https://newgallery.sim.co.id/login,404
2025-07-11T08:32:44.828376,OK,https://ticketing.simgroup.co.id,200
2025-07-11T08:32:45.411959,OK,https://cleaning.id/login,200
2025-07-11T08:32:45.945483,OK,https://salesrefi.com,200
2025-07-11T08:32:46.336018,OK,https://gajianduluan.id/login,200
2025-07-11T08:32:46.804052,OK,https://cs.sim.co.id,200
2025-07-11T08:32:47.246637,OK,https://erp.simgroup.co.id,200
2025-07-11T08:32:47.620924,ERROR,http://117.102.114.14:8899/,404
2025-07-11T08:32:48.370660,OK,https://metabase.simgroup.co.id/,200
2025-07-11T08:32:51.038037,OK,https://sim.co.id,200
2025-07-11T08:32:51.445857,OK,https://PHL.co.id,200
2025-07-11T08:32:51.833153,OK,http://reportingbpr.simgroup.co.id/login,200
2025-07-11T08:32:52.189476,DOWN,https://arzetilaw.co.id,"HTTPConnectionPool(host='arzetilaw.co.id', port=80): Max retries exceeded with url: / (Caused by NameResolutionError(""<urllib3.connection.HTTPConnection object at 0x74b74f8d3310>: Failed to resolve 'arzetilaw.co.id' ([Errno -2] Name or service not known)""))"
2025-07-11T08:32:56.721644,OK,https://cerdasmulia.id,200
2025-07-11T08:32:57.319150,DOWN,https://jagoti.simgroup.co.id,Unknown error
2025-07-11T08:32:58.629825,OK,https://jagoti.co.id,200
2025-07-11T08:32:59.078413,OK,https://mail.simgroup.co.id,200
2025-07-11T08:32:59.628095,OK,https://play.google.com/store/apps/details?id=id.gawe.gaweid2,200
2025-07-11T08:33:00.144095,OK,http://epsikotest.gawe.id/,200
2025-07-11T08:33:00.668682,OK,https://cleaning.id/login,200
2025-07-11T08:33:01.132702,OK,https://mobile.sysbpr.simgroup.co.id/auth/login,200
2025-07-11T08:33:01.688701,OK,https://kiss.gajianduluan.id:8890/,200
2025-07-11T08:33:02.136290,OK,http://css.simgroup.co.id/,200
2025-07-11T08:38:11.131106,OK,https://sim.co.id,200
2025-07-11T08:38:11.668717,OK,https://sysbpr.simgroup.co.id,200
2025-07-11T08:38:12.430440,OK,https://gawe.id,200
2025-07-11T08:38:13.056610,OK,http://simgroup.co.id,200
2025-07-11T08:38:13.694755,ERROR,https://newgallery.sim.co.id/login,404
2025-07-11T08:38:14.169722,OK,https://ticketing.simgroup.co.id,200
2025-07-11T08:38:14.674242,OK,https://cleaning.id/login,200
2025-07-11T08:38:15.259218,OK,https://salesrefi.com,200
2025-07-11T08:38:15.740787,OK,https://gajianduluan.id/login,200
2025-07-11T08:38:16.220534,OK,https://cs.sim.co.id,200
2025-07-11T08:38:16.712550,OK,https://erp.simgroup.co.id,200
2025-07-11T08:38:17.085554,ERROR,http://117.102.114.14:8899/,404
2025-07-11T08:38:17.523639,OK,https://metabase.simgroup.co.id/,200
2025-07-11T08:38:20.002461,OK,https://sim.co.id,200
2025-07-11T08:38:25.186082,OK,https://sim.co.id,200
2025-07-11T08:38:25.899169,OK,https://sysbpr.simgroup.co.id,200
2025-07-11T08:38:32.890580,OK,http://gawe.id,200
2025-07-11T08:38:33.330392,OK,http://simgroup.co.id,200
2025-07-11T08:38:33.751208,ERROR,https://newgallery.sim.co.id/login,404
2025-07-11T08:38:34.185144,OK,https://ticketing.simgroup.co.id,200
2025-07-11T08:38:34.688814,OK,https://cleaning.id/login,200
2025-07-11T08:38:35.856474,OK,https://salesrefi.com,200
2025-07-11T08:38:36.360584,OK,https://gajianduluan.id/login,200
2025-07-11T08:38:36.806523,OK,https://cs.sim.co.id,200
2025-07-11T08:38:37.223869,OK,https://erp.simgroup.co.id,200
2025-07-11T08:38:37.603596,ERROR,http://117.102.114.14:8899/,404
2025-07-11T08:38:38.067564,OK,https://metabase.simgroup.co.id/,200
2025-07-11T08:38:40.933307,OK,https://sim.co.id,200
2025-07-11T08:38:41.321211,OK,https://PHL.co.id,200
2025-07-11T08:38:41.715453,OK,http://reportingbpr.simgroup.co.id/login,200
2025-07-11T08:38:42.052521,DOWN,https://arzetilaw.co.id,"HTTPConnectionPool(host='arzetilaw.co.id', port=80): Max retries exceeded with url: / (Caused by NameResolutionError(""<urllib3.connection.HTTPConnection object at 0x7c122493cc10>: Failed to resolve 'arzetilaw.co.id' ([Errno -2] Name or service not known)""))"
2025-07-11T08:38:43.191590,OK,https://cerdasmulia.id,200
2025-07-11T08:38:43.655150,DOWN,https://jagoti.simgroup.co.id,Unknown error
2025-07-11T08:38:45.528631,OK,https://jagoti.co.id,200
2025-07-11T08:38:45.924573,OK,https://mail.simgroup.co.id,200
2025-07-11T08:38:46.517154,OK,https://play.google.com/store/apps/details?id=id.gawe.gaweid2,200
2025-07-11T08:38:47.011362,OK,http://epsikotest.gawe.id/,200
2025-07-11T08:38:47.526722,OK,https://cleaning.id/login,200
2025-07-11T08:38:48.029235,OK,https://mobile.sysbpr.simgroup.co.id/auth/login,200
2025-07-11T08:38:48.614839,OK,https://kiss.gajianduluan.id:8890/,200
2025-07-11T08:38:49.108686,OK,http://css.simgroup.co.id/,200
2025-07-11T08:43:55.327601,OK,https://sim.co.id,200
2025-07-11T08:43:55.955344,OK,https://sysbpr.simgroup.co.id,200
2025-07-11T08:44:03.614646,OK,http://gawe.id,200
2025-07-11T08:44:04.041944,OK,http://simgroup.co.id,200
2025-07-11T08:44:04.430636,ERROR,https://newgallery.sim.co.id/login,404
2025-07-11T08:44:04.852272,OK,https://ticketing.simgroup.co.id,200
2025-07-11T08:44:05.373515,OK,https://cleaning.id/login,200
2025-07-11T08:44:05.943065,OK,https://salesrefi.com,200
2025-07-11T08:44:06.346725,OK,https://gajianduluan.id/login,200
2025-07-11T08:44:06.818305,OK,https://cs.sim.co.id,200
2025-07-11T08:44:07.255949,OK,https://erp.simgroup.co.id,200
2025-07-11T08:44:07.645104,ERROR,http://117.102.114.14:8899/,404
2025-07-11T08:44:08.119865,OK,https://metabase.simgroup.co.id/,200
2025-07-11T08:44:10.581947,OK,https://sim.co.id,200
2025-07-11T08:44:10.960728,OK,https://PHL.co.id,200
2025-07-11T08:44:11.355751,OK,http://reportingbpr.simgroup.co.id/login,200
2025-07-11T08:44:11.691340,DOWN,https://arzetilaw.co.id,"HTTPConnectionPool(host='arzetilaw.co.id', port=80): Max retries exceeded with url: / (Caused by NameResolutionError(""<urllib3.connection.HTTPConnection object at 0x7c122493fa90>: Failed to resolve 'arzetilaw.co.id' ([Errno -2] Name or service not known)""))"
2025-07-11T08:44:12.844197,OK,https://cerdasmulia.id,200
2025-07-11T08:44:13.291782,DOWN,https://jagoti.simgroup.co.id,Unknown error
2025-07-11T08:44:14.637737,OK,https://jagoti.co.id,200
2025-07-11T08:44:15.079360,OK,https://mail.simgroup.co.id,200
2025-07-11T08:44:15.618752,OK,https://play.google.com/store/apps/details?id=id.gawe.gaweid2,200
2025-07-11T08:44:16.087768,OK,http://epsikotest.gawe.id/,200
2025-07-11T08:44:16.607203,OK,https://cleaning.id/login,200
2025-07-11T08:44:17.109530,OK,https://mobile.sysbpr.simgroup.co.id/auth/login,200
2025-07-11T08:44:17.668074,OK,https://kiss.gajianduluan.id:8890/,200
2025-07-11T08:44:18.148140,OK,http://css.simgroup.co.id/,200
2025-07-11T08:49:26.320001,OK,https://sim.co.id,200
2025-07-11T08:49:26.984107,OK,https://sysbpr.simgroup.co.id,200
2025-07-11T08:49:28.583968,OK,https://gawe.id,200
2025-07-11T08:49:29.043526,OK,http://simgroup.co.id,200
2025-07-11T08:49:29.470198,ERROR,https://newgallery.sim.co.id/login,404
2025-07-11T08:49:29.896034,OK,https://ticketing.simgroup.co.id,200
2025-07-11T08:49:30.402072,OK,https://cleaning.id/login,200
2025-07-11T08:49:31.518394,OK,https://salesrefi.com,200
2025-07-11T08:49:32.078446,OK,https://gajianduluan.id/login,200
2025-07-11T08:49:32.589528,OK,https://cs.sim.co.id,200
2025-07-11T08:49:33.056658,OK,https://erp.simgroup.co.id,200
2025-07-11T08:49:33.443396,ERROR,http://117.102.114.14:8899/,404
2025-07-11T08:49:33.887433,OK,https://metabase.simgroup.co.id/,200
2025-07-11T08:49:36.439427,OK,https://sim.co.id,200
2025-07-11T08:49:36.867179,OK,https://PHL.co.id,200
2025-07-11T08:49:37.739529,OK,http://reportingbpr.simgroup.co.id/login,200
2025-07-11T08:49:38.130493,DOWN,https://arzetilaw.co.id,"HTTPConnectionPool(host='arzetilaw.co.id', port=80): Max retries exceeded with url: / (Caused by NameResolutionError(""<urllib3.connection.HTTPConnection object at 0x7c122493fe50>: Failed to resolve 'arzetilaw.co.id' ([Errno -2] Name or service not known)""))"
2025-07-11T08:49:40.349563,OK,https://cerdasmulia.id,200
2025-07-11T08:49:40.828800,DOWN,https://jagoti.simgroup.co.id,Unknown error
2025-07-11T08:49:46.704815,OK,https://jagoti.co.id,200
2025-07-11T08:49:47.101542,OK,https://mail.simgroup.co.id,200
2025-07-11T08:49:47.655824,OK,https://play.google.com/store/apps/details?id=id.gawe.gaweid2,200
2025-07-11T08:49:48.119809,OK,http://epsikotest.gawe.id/,200
2025-07-11T08:49:48.636390,OK,https://cleaning.id/login,200
2025-07-11T08:49:49.112674,OK,https://mobile.sysbpr.simgroup.co.id/auth/login,200
2025-07-11T08:49:49.680341,OK,https://kiss.gajianduluan.id:8890/,200
2025-07-11T08:49:50.440421,OK,http://css.simgroup.co.id/,200
2025-07-11T08:50:27.821799,OK,https://sim.co.id,200
2025-07-11T08:50:29.143667,OK,https://sysbpr.simgroup.co.id,200
2025-07-11T08:50:30.801694,OK,https://gawe.id,200
2025-07-11T08:50:31.235819,OK,http://simgroup.co.id,200
2025-07-11T08:50:31.623731,ERROR,https://newgallery.sim.co.id/login,404
2025-07-11T08:50:32.050818,OK,https://ticketing.simgroup.co.id,200
2025-07-11T08:50:32.629307,OK,https://cleaning.id/login,200
2025-07-11T08:50:33.151659,OK,https://salesrefi.com,200
2025-07-11T08:50:33.575273,OK,https://gajianduluan.id/login,200
2025-07-11T08:50:34.015472,OK,https://cs.sim.co.id,200
2025-07-11T08:50:34.451675,OK,https://erp.simgroup.co.id,200
2025-07-11T08:50:34.820605,ERROR,http://117.102.114.14:8899/,404
2025-07-11T08:50:35.257070,OK,https://metabase.simgroup.co.id/,200
2025-07-11T08:50:38.589886,OK,https://sim.co.id,200
2025-07-11T08:50:38.991195,OK,https://PHL.co.id,200
2025-07-11T08:50:39.383988,OK,http://reportingbpr.simgroup.co.id/login,200
2025-07-11T08:50:40.750091,DOWN,https://arzetilaw.co.id,"HTTPConnectionPool(host='arzetilaw.co.id', port=80): Max retries exceeded with url: / (Caused by NameResolutionError(""<urllib3.connection.HTTPConnection object at 0x7be88156b310>: Failed to resolve 'arzetilaw.co.id' ([Errno -2] Name or service not known)""))"
2025-07-11T08:50:42.034006,OK,https://cerdasmulia.id,200
2025-07-11T08:50:42.527632,DOWN,https://jagoti.simgroup.co.id,Unknown error
2025-07-11T08:50:43.804217,OK,https://jagoti.co.id,200
2025-07-11T08:50:44.209444,OK,https://mail.simgroup.co.id,200
2025-07-11T08:50:44.809246,OK,https://play.google.com/store/apps/details?id=id.gawe.gaweid2,200
2025-07-11T08:50:45.262840,OK,http://epsikotest.gawe.id/,200
2025-07-11T08:50:45.773801,OK,https://cleaning.id/login,200
2025-07-11T08:50:46.246538,OK,https://mobile.sysbpr.simgroup.co.id/auth/login,200
2025-07-11T08:50:46.805299,OK,https://kiss.gajianduluan.id:8890/,200
2025-07-11T08:50:47.277212,OK,http://css.simgroup.co.id/,200
2025-07-11T08:57:16.738682,DOWN,https://sim.co.id,"HTTPSConnectionPool(host='sim.co.id', port=443): Max retries exceeded with url: / (Caused by NameResolutionError(""<urllib3.connection.HTTPSConnection object at 0x7be8815d8ca0>: Failed to resolve 'sim.co.id' ([Errno -3] Temporary failure in name resolution)""))"
2025-07-11T08:57:49.698029,DOWN,https://sysbpr.simgroup.co.id,"HTTPSConnectionPool(host='sysbpr.simgroup.co.id', port=443): Max retries exceeded with url: / (Caused by NameResolutionError(""<urllib3.connection.HTTPSConnection object at 0x7be8815d8fd0>: Failed to resolve 'sysbpr.simgroup.co.id' ([Errno -3] Temporary failure in name resolution)""))"
2025-07-11T09:00:23.255813,DOWN,https://sim.co.id,"HTTPSConnectionPool(host='sim.co.id', port=443): Max retries exceeded with url: / (Caused by NameResolutionError(""<urllib3.connection.HTTPSConnection object at 0x7af5c5267d60>: Failed to resolve 'sim.co.id' ([Errno -3] Temporary failure in name resolution)""))"
2025-07-11T09:01:05.427593,DOWN,https://sim.co.id,"HTTPSConnectionPool(host='sim.co.id', port=443): Max retries exceeded with url: / (Caused by NameResolutionError(""<urllib3.connection.HTTPSConnection object at 0x7ad4842cfd30>: Failed to resolve 'sim.co.id' ([Errno -3] Temporary failure in name resolution)""))"
2025-07-11T09:03:11.827537,OK,https://sim.co.id,200
2025-07-11T09:03:12.497380,OK,https://sysbpr.simgroup.co.id,200
2025-07-11T09:03:14.419742,OK,https://gawe.id,200
2025-07-11T09:03:14.838503,OK,http://simgroup.co.id,200
2025-07-11T09:03:15.231437,ERROR,https://newgallery.sim.co.id/login,404
2025-07-11T09:03:15.668129,OK,https://ticketing.simgroup.co.id,200
2025-07-11T09:03:16.177685,OK,https://cleaning.id/login,200
2025-07-11T09:03:16.742701,OK,https://salesrefi.com,200
2025-07-11T09:03:17.162926,OK,https://gajianduluan.id/login,200
2025-07-11T09:03:17.622596,OK,https://cs.sim.co.id,200
2025-07-11T09:03:18.107237,OK,https://erp.simgroup.co.id,200
2025-07-11T09:03:18.492731,ERROR,http://117.102.114.14:8899/,404
2025-07-11T09:03:19.566889,OK,https://metabase.simgroup.co.id/,200
2025-07-11T09:03:22.097780,OK,https://sim.co.id,200
2025-07-11T09:03:22.508784,OK,https://PHL.co.id,200
2025-07-11T09:03:22.920364,OK,http://reportingbpr.simgroup.co.id/login,200
2025-07-11T09:03:24.245707,DOWN,https://arzetilaw.co.id,"HTTPConnectionPool(host='arzetilaw.co.id', port=80): Max retries exceeded with url: / (Caused by NameResolutionError(""<urllib3.connection.HTTPConnection object at 0x775b4685feb0>: Failed to resolve 'arzetilaw.co.id' ([Errno -2] Name or service not known)""))"
2025-07-11T09:03:25.538388,OK,https://cerdasmulia.id,200
2025-07-11T09:03:26.054524,DOWN,https://jagoti.simgroup.co.id,Unknown error
2025-07-11T09:03:27.357838,OK,https://jagoti.co.id,200
2025-07-11T09:03:27.847242,OK,https://mail.simgroup.co.id,200
2025-07-11T09:03:28.437846,OK,https://play.google.com/store/apps/details?id=id.gawe.gaweid2,200
2025-07-11T09:03:28.996717,OK,http://epsikotest.gawe.id/,200
2025-07-11T09:03:29.595628,OK,https://cleaning.id/login,200
2025-07-11T09:03:30.090185,OK,https://mobile.sysbpr.simgroup.co.id/auth/login,200
2025-07-11T09:03:31.345660,OK,https://kiss.gajianduluan.id:8890/,200
2025-07-11T09:03:32.247911,OK,http://css.simgroup.co.id/,200
2025-07-11T09:07:07.547853,OK,https://sim.co.id,200
2025-07-11T09:07:08.059030,OK,https://sysbpr.simgroup.co.id,200
2025-07-11T09:07:08.659950,OK,https://gawe.id,200
2025-07-11T09:07:09.107874,OK,http://simgroup.co.id,200
2025-07-11T09:07:09.594961,ERROR,https://newgallery.sim.co.id/login,404
2025-07-11T09:07:10.088876,OK,https://ticketing.simgroup.co.id,200
2025-07-11T09:07:10.649368,OK,https://cleaning.id/login,200
2025-07-11T09:07:11.267852,OK,https://salesrefi.com,200
2025-07-11T09:07:11.766246,OK,https://gajianduluan.id/login,200
2025-07-11T09:07:12.259322,OK,https://cs.sim.co.id,200
2025-07-11T09:07:12.685628,OK,https://erp.simgroup.co.id,200
2025-07-11T09:07:13.069392,ERROR,http://117.102.114.14:8899/,404
2025-07-11T09:07:13.518661,OK,https://metabase.simgroup.co.id/,200
2025-07-11T09:07:16.047443,OK,https://sim.co.id,200
2025-07-11T09:07:16.443124,OK,https://PHL.co.id,200
2025-07-11T09:07:16.851973,OK,http://reportingbpr.simgroup.co.id/login,200
2025-07-11T09:07:17.194478,DOWN,https://arzetilaw.co.id,"HTTPConnectionPool(host='arzetilaw.co.id', port=80): Max retries exceeded with url: / (Caused by NameResolutionError(""<urllib3.connection.HTTPConnection object at 0x7c85c6c5eec0>: Failed to resolve 'arzetilaw.co.id' ([Errno -2] Name or service not known)""))"
2025-07-11T09:07:19.250308,OK,https://cerdasmulia.id,200
2025-07-11T09:07:19.713773,DOWN,https://jagoti.simgroup.co.id,Unknown error
2025-07-11T09:07:22.676512,OK,https://jagoti.co.id,200
2025-07-11T09:07:23.109773,OK,https://mail.simgroup.co.id,200
2025-07-11T09:07:23.696757,OK,https://play.google.com/store/apps/details?id=id.gawe.gaweid2,200
2025-07-11T09:07:24.174394,OK,http://epsikotest.gawe.id/,200
2025-07-11T09:07:24.683702,OK,https://cleaning.id/login,200
2025-07-11T09:07:25.155637,OK,https://mobile.sysbpr.simgroup.co.id/auth/login,200
2025-07-11T09:07:25.716182,OK,https://kiss.gajianduluan.id:8890/,200
2025-07-11T09:07:26.288040,OK,http://css.simgroup.co.id/,200
2025-07-11T09:11:10.155319,OK,https://sim.co.id,200
2025-07-11T09:11:10.814845,OK,https://sysbpr.simgroup.co.id,200
2025-07-11T09:11:12.397854,OK,https://gawe.id,200
2025-07-11T09:11:12.807233,OK,http://simgroup.co.id,200
2025-07-11T09:11:13.320901,ERROR,https://newgallery.sim.co.id/login,404
2025-07-11T09:11:13.741308,OK,https://ticketing.simgroup.co.id,200
2025-07-11T09:11:14.249350,OK,https://cleaning.id/login,200
2025-07-11T09:11:14.802390,OK,https://salesrefi.com,200
2025-07-11T09:11:15.221104,OK,https://gajianduluan.id/login,200
2025-07-11T09:11:15.714986,OK,https://cs.sim.co.id,200
2025-07-11T09:11:16.333792,OK,https://erp.simgroup.co.id,200
2025-07-11T09:11:17.696415,ERROR,http://117.102.114.14:8899/,404
2025-07-11T09:11:18.294190,OK,https://metabase.simgroup.co.id/,200
2025-07-11T09:11:20.849974,OK,https://sim.co.id,200
2025-07-11T09:11:21.217995,OK,https://PHL.co.id,200
2025-07-11T09:11:21.609268,OK,http://reportingbpr.simgroup.co.id/login,200
2025-07-11T09:11:21.971147,DOWN,https://arzetilaw.co.id,"HTTPConnectionPool(host='arzetilaw.co.id', port=80): Max retries exceeded with url: / (Caused by NameResolutionError(""<urllib3.connection.HTTPConnection object at 0x7f59fdbdc730>: Failed to resolve 'arzetilaw.co.id' ([Errno -2] Name or service not known)""))"
2025-07-11T09:11:25.103534,OK,https://cerdasmulia.id,200
2025-07-11T09:11:25.587620,DOWN,https://jagoti.simgroup.co.id,Unknown error
2025-07-11T09:11:28.858098,OK,https://jagoti.co.id,200
2025-07-11T09:11:29.443475,OK,https://mail.simgroup.co.id,200
2025-07-11T09:11:29.970932,OK,https://play.google.com/store/apps/details?id=id.gawe.gaweid2,200
2025-07-11T09:11:30.448693,OK,http://epsikotest.gawe.id/,200
2025-07-11T09:11:30.959563,OK,https://cleaning.id/login,200
2025-07-11T09:11:31.423377,OK,https://mobile.sysbpr.simgroup.co.id/auth/login,200
2025-07-11T09:11:31.998514,OK,https://kiss.gajianduluan.id:8890/,200
2025-07-11T09:11:32.480069,OK,http://css.simgroup.co.id/,200
2025-07-11T09:13:08.996780,OK,https://sim.co.id,200
2025-07-11T09:13:09.511923,OK,https://sysbpr.simgroup.co.id,200
2025-07-11T09:13:12.322197,OK,https://gawe.id,200
2025-07-11T09:13:12.737593,OK,http://simgroup.co.id,200
2025-07-11T09:13:13.251539,ERROR,https://newgallery.sim.co.id/login,404
2025-07-11T09:13:13.693128,OK,https://ticketing.simgroup.co.id,200
2025-07-11T09:13:14.220586,OK,https://cleaning.id/login,200
2025-07-11T09:13:14.787237,OK,https://salesrefi.com,200
2025-07-11T09:13:15.180967,OK,https://gajianduluan.id/login,200
2025-07-11T09:13:15.636915,OK,https://cs.sim.co.id,200
2025-07-11T09:13:16.088421,OK,https://erp.simgroup.co.id,200
2025-07-11T09:13:16.473386,ERROR,http://117.102.114.14:8899/,404
2025-07-11T09:13:16.929079,OK,https://metabase.simgroup.co.id/,200
2025-07-11T09:13:19.591794,OK,https://sim.co.id,200
2025-07-11T09:13:19.974984,OK,https://PHL.co.id,200
2025-07-11T09:13:20.376441,OK,http://reportingbpr.simgroup.co.id/login,200
2025-07-11T09:13:20.716438,DOWN,https://arzetilaw.co.id,"HTTPConnectionPool(host='arzetilaw.co.id', port=80): Max retries exceeded with url: / (Caused by NameResolutionError(""<urllib3.connection.HTTPConnection object at 0x779c1e9cfa00>: Failed to resolve 'arzetilaw.co.id' ([Errno -2] Name or service not known)""))"
2025-07-11T09:13:25.083353,OK,https://cerdasmulia.id,200
2025-07-11T09:13:25.625449,DOWN,https://jagoti.simgroup.co.id,Unknown error
2025-07-11T09:13:31.654241,OK,https://jagoti.co.id,200
2025-07-11T09:13:32.593869,OK,https://mail.simgroup.co.id,200
2025-07-11T09:13:33.208654,OK,https://play.google.com/store/apps/details?id=id.gawe.gaweid2,200
2025-07-11T09:13:33.730800,OK,http://epsikotest.gawe.id/,200
2025-07-11T09:13:34.786041,OK,https://cleaning.id/login,200
2025-07-11T09:13:35.267102,OK,https://mobile.sysbpr.simgroup.co.id/auth/login,200
2025-07-11T09:13:36.093772,OK,https://kiss.gajianduluan.id:8890/,200
2025-07-11T09:13:36.784225,OK,http://css.simgroup.co.id/,200
2025-07-11T09:14:04.868479,OK,https://sim.co.id,200
2025-07-11T09:14:05.367269,OK,https://sysbpr.simgroup.co.id,200
2025-07-11T09:14:06.178308,OK,https://gawe.id,200
2025-07-11T09:14:06.582842,OK,http://simgroup.co.id,200
2025-07-11T09:14:07.043512,ERROR,https://newgallery.sim.co.id/login,404
2025-07-11T09:14:07.507180,OK,https://ticketing.simgroup.co.id,200
2025-07-11T09:14:08.178982,OK,https://cleaning.id/login,200
2025-07-11T09:14:08.714579,OK,https://salesrefi.com,200
2025-07-11T09:14:09.122928,OK,https://gajianduluan.id/login,200
2025-07-11T09:14:09.584466,OK,https://cs.sim.co.id,200
2025-07-11T09:14:10.005168,OK,https://erp.simgroup.co.id,200
2025-07-11T09:14:10.386600,ERROR,http://117.102.114.14:8899/,404
2025-07-11T09:14:10.841574,OK,https://metabase.simgroup.co.id/,200
2025-07-11T09:14:13.413418,OK,https://sim.co.id,200
2025-07-11T09:14:13.804130,OK,https://PHL.co.id,200
2025-07-11T09:14:14.183196,OK,http://reportingbpr.simgroup.co.id/login,200
2025-07-11T09:14:14.555986,DOWN,https://arzetilaw.co.id,"HTTPConnectionPool(host='arzetilaw.co.id', port=80): Max retries exceeded with url: / (Caused by NameResolutionError(""<urllib3.connection.HTTPConnection object at 0x70ccf73dfa00>: Failed to resolve 'arzetilaw.co.id' ([Errno -2] Name or service not known)""))"
2025-07-11T09:14:18.351117,OK,https://cerdasmulia.id,200
2025-07-11T09:14:18.792788,DOWN,https://jagoti.simgroup.co.id,Unknown error
2025-07-11T09:14:22.686986,OK,https://jagoti.co.id,200
2025-07-11T09:14:23.204239,OK,https://mail.simgroup.co.id,200
2025-07-11T09:14:23.791738,OK,https://play.google.com/store/apps/details?id=id.gawe.gaweid2,200
2025-07-11T09:14:24.252971,OK,http://epsikotest.gawe.id/,200
2025-07-11T09:14:24.787266,OK,https://cleaning.id/login,200
2025-07-11T09:14:25.264597,OK,https://mobile.sysbpr.simgroup.co.id/auth/login,200
2025-07-11T09:14:25.856329,OK,https://kiss.gajianduluan.id:8890/,200
2025-07-11T09:14:26.555783,OK,http://css.simgroup.co.id/,200
2025-07-11T09:14:53.127843,OK,https://sim.co.id,200
2025-07-11T09:14:53.716592,OK,https://sysbpr.simgroup.co.id,200
2025-07-11T09:14:55.782238,OK,https://gawe.id,200
2025-07-11T09:14:56.236226,OK,http://simgroup.co.id,200
2025-07-11T09:14:56.739832,ERROR,https://newgallery.sim.co.id/login,404
2025-07-11T09:14:57.191145,OK,https://ticketing.simgroup.co.id,200
2025-07-11T09:14:57.711791,OK,https://cleaning.id/login,200
2025-07-11T09:14:58.293362,OK,https://salesrefi.com,200
2025-07-11T09:14:58.704400,OK,https://gajianduluan.id/login,200
2025-07-11T09:14:59.176143,OK,https://cs.sim.co.id,200
2025-07-11T09:14:59.623776,OK,https://erp.simgroup.co.id,200
2025-07-11T09:15:00.043137,ERROR,http://117.102.114.14:8899/,404
2025-07-11T09:15:00.503532,OK,https://metabase.simgroup.co.id/,200
2025-07-11T09:15:05.659634,OK,https://sim.co.id,200
2025-07-11T09:15:06.047458,OK,https://PHL.co.id,200
2025-07-11T09:15:06.473661,OK,http://reportingbpr.simgroup.co.id/login,200
2025-07-11T09:15:06.860306,DOWN,https://arzetilaw.co.id,"HTTPConnectionPool(host='arzetilaw.co.id', port=80): Max retries exceeded with url: / (Caused by NameResolutionError(""<urllib3.connection.HTTPConnection object at 0x79a5eb59fa00>: Failed to resolve 'arzetilaw.co.id' ([Errno -2] Name or service not known)""))"
2025-07-11T09:15:10.610093,OK,https://cerdasmulia.id,200
2025-07-11T09:15:11.098105,DOWN,https://jagoti.simgroup.co.id,Unknown error
2025-07-11T09:15:14.784744,OK,https://jagoti.co.id,200
2025-07-11T09:15:15.383443,OK,https://mail.simgroup.co.id,200
2025-07-11T09:15:15.930978,OK,https://play.google.com/store/apps/details?id=id.gawe.gaweid2,200
2025-07-11T09:15:16.404856,OK,http://epsikotest.gawe.id/,200
2025-07-11T09:15:16.917974,OK,https://cleaning.id/login,200
2025-07-11T09:15:17.379634,OK,https://mobile.sysbpr.simgroup.co.id/auth/login,200
2025-07-11T09:15:17.948841,OK,https://kiss.gajianduluan.id:8890/,200
2025-07-11T09:15:18.417159,OK,http://css.simgroup.co.id/,200
2025-07-11T09:15:48.501454,OK,https://sim.co.id,200
2025-07-11T09:15:49.050185,OK,https://sysbpr.simgroup.co.id,200
2025-07-11T09:15:50.629023,OK,https://gawe.id,200
2025-07-11T09:15:51.139604,OK,http://simgroup.co.id,200
2025-07-11T09:15:51.762015,ERROR,https://newgallery.sim.co.id/login,404
2025-07-11T09:15:52.293558,OK,https://ticketing.simgroup.co.id,200
2025-07-11T09:15:52.817477,OK,https://cleaning.id/login,200
2025-07-11T09:15:53.356388,OK,https://salesrefi.com,200
2025-07-11T09:15:53.759805,OK,https://gajianduluan.id/login,200
2025-07-11T09:15:54.216083,OK,https://cs.sim.co.id,200
2025-07-11T09:15:54.644038,OK,https://erp.simgroup.co.id,200
2025-07-11T09:15:55.022472,ERROR,http://117.102.114.14:8899/,404
2025-07-11T09:15:55.477094,OK,https://metabase.simgroup.co.id/,200
2025-07-11T09:15:58.034940,OK,https://sim.co.id,200
2025-07-11T09:15:58.427954,OK,https://PHL.co.id,200
2025-07-11T09:15:58.829104,OK,http://reportingbpr.simgroup.co.id/login,200
2025-07-11T09:15:59.172008,DOWN,https://arzetilaw.co.id,"HTTPConnectionPool(host='arzetilaw.co.id', port=80): Max retries exceeded with url: / (Caused by NameResolutionError(""<urllib3.connection.HTTPConnection object at 0x71899469ba00>: Failed to resolve 'arzetilaw.co.id' ([Errno -2] Name or service not known)""))"
2025-07-11T09:16:02.884060,OK,https://cerdasmulia.id,200
2025-07-11T09:16:03.400001,DOWN,https://jagoti.simgroup.co.id,Unknown error
2025-07-11T09:16:07.109695,OK,https://jagoti.co.id,200
2025-07-11T09:16:07.665574,OK,https://mail.simgroup.co.id,200
2025-07-11T09:16:09.057527,OK,https://play.google.com/store/apps/details?id=id.gawe.gaweid2,200
2025-07-11T09:16:09.540689,OK,http://epsikotest.gawe.id/,200
2025-07-11T09:16:10.053516,OK,https://cleaning.id/login,200
2025-07-11T09:16:10.524400,OK,https://mobile.sysbpr.simgroup.co.id/auth/login,200
2025-07-11T09:16:11.105643,OK,https://kiss.gajianduluan.id:8890/,200
2025-07-11T09:16:11.672376,OK,http://css.simgroup.co.id/,200
2025-07-11T09:16:39.657456,OK,https://sim.co.id,200
2025-07-11T09:16:40.227726,OK,https://sysbpr.simgroup.co.id,200
2025-07-11T09:16:42.629661,OK,https://gawe.id,200
2025-07-11T09:16:43.107362,OK,http://simgroup.co.id,200
2025-07-11T09:16:43.579926,ERROR,https://newgallery.sim.co.id/login,404
2025-07-11T09:16:44.051651,OK,https://ticketing.simgroup.co.id,200
2025-07-11T09:16:44.813681,OK,https://cleaning.id/login,200
2025-07-11T09:16:45.910578,OK,https://salesrefi.com,200
2025-07-11T09:16:46.297488,OK,https://gajianduluan.id/login,200
2025-07-11T09:16:47.084072,OK,https://cs.sim.co.id,200
2025-07-11T09:16:47.569417,OK,https://erp.simgroup.co.id,200
2025-07-11T09:16:47.947076,ERROR,http://117.102.114.14:8899/,404
2025-07-11T09:16:48.396700,OK,https://metabase.simgroup.co.id/,200
2025-07-11T09:16:50.977918,OK,https://sim.co.id,200
2025-07-11T09:16:51.346126,OK,https://PHL.co.id,200
2025-07-11T09:16:51.757452,OK,http://reportingbpr.simgroup.co.id/login,200
2025-07-11T09:16:52.082968,DOWN,https://arzetilaw.co.id,"HTTPConnectionPool(host='arzetilaw.co.id', port=80): Max retries exceeded with url: / (Caused by NameResolutionError(""<urllib3.connection.HTTPConnection object at 0x7282793dfa00>: Failed to resolve 'arzetilaw.co.id' ([Errno -2] Name or service not known)""))"
2025-07-11T09:16:56.147700,OK,https://cerdasmulia.id,200
2025-07-11T09:16:56.602477,DOWN,https://jagoti.simgroup.co.id,Unknown error
2025-07-11T09:17:00.397211,OK,https://jagoti.co.id,200
2025-07-11T09:17:01.050668,OK,https://mail.simgroup.co.id,200
2025-07-11T09:17:01.903940,OK,https://play.google.com/store/apps/details?id=id.gawe.gaweid2,200
2025-07-11T09:17:02.352970,OK,http://epsikotest.gawe.id/,200
2025-07-11T09:17:02.855178,OK,https://cleaning.id/login,200
2025-07-11T09:17:03.574209,OK,https://mobile.sysbpr.simgroup.co.id/auth/login,200
2025-07-11T09:17:04.224626,OK,https://kiss.gajianduluan.id:8890/,200
2025-07-11T09:17:04.719385,OK,http://css.simgroup.co.id/,200
2025-07-11T09:19:05.979753,OK,https://sim.co.id,200
2025-07-11T09:19:06.443939,OK,https://sysbpr.simgroup.co.id,200
2025-07-11T09:19:08.096604,OK,https://gawe.id,200
2025-07-11T09:19:08.508192,OK,http://simgroup.co.id,200
2025-07-11T09:19:08.949857,ERROR,https://newgallery.sim.co.id/login,404
2025-07-11T09:19:09.388076,OK,https://ticketing.simgroup.co.id,200
2025-07-11T09:19:09.907982,OK,https://cleaning.id/login,200
2025-07-11T09:19:10.455611,OK,https://salesrefi.com,200
2025-07-11T09:19:10.855784,OK,https://gajianduluan.id/login,200
2025-07-11T09:19:11.479424,OK,https://cs.sim.co.id,200
2025-07-11T09:19:11.955018,OK,https://erp.simgroup.co.id,200
2025-07-11T09:19:12.378202,ERROR,http://117.102.114.14:8899/,404
2025-07-11T09:19:12.815676,OK,https://metabase.simgroup.co.id/,200
2025-07-11T09:19:16.598184,OK,https://sim.co.id,200
2025-07-11T09:19:16.974312,OK,https://PHL.co.id,200
2025-07-11T09:19:17.354832,OK,http://reportingbpr.simgroup.co.id/login,200
2025-07-11T09:19:17.810479,OK,https://arzettilaw.co.id,200
2025-07-11T09:19:18.187455,OK,https://cerdasmulia.id,200
2025-07-11T09:19:18.647216,DOWN,https://jagoti.simgroup.co.id,Unknown error
2025-07-11T09:19:24.346624,OK,https://jagoti.co.id,200
2025-07-11T09:19:24.782071,OK,https://mail.simgroup.co.id,200
2025-07-11T09:19:25.368614,OK,https://play.google.com/store/apps/details?id=id.gawe.gaweid2,200
2025-07-11T09:19:26.819643,OK,http://epsikotest.gawe.id/,200
2025-07-11T09:19:27.330363,OK,https://cleaning.id/login,200
2025-07-11T09:19:27.787143,OK,https://mobile.sysbpr.simgroup.co.id/auth/login,200
2025-07-11T09:19:28.796240,OK,https://kiss.gajianduluan.id:8890/,200
2025-07-11T09:19:29.305286,OK,http://css.simgroup.co.id/,200
2025-07-11T09:26:14.723523+07:00,OK,https://sim.co.id,200
2025-07-11T09:26:15.334137+07:00,OK,https://sysbpr.simgroup.co.id,200
2025-07-11T09:26:18.793193+07:00,OK,https://gawe.id,200
2025-07-11T09:26:19.102506+07:00,OK,http://simgroup.co.id,200
2025-07-11T09:26:19.668188+07:00,ERROR,https://newgallery.sim.co.id/login,404
2025-07-11T09:26:20.022702+07:00,OK,https://ticketing.simgroup.co.id,200
2025-07-11T09:26:20.428911+07:00,OK,https://cleaning.id/login,200
2025-07-11T09:26:20.891045+07:00,OK,https://salesrefi.com,200
2025-07-11T09:26:21.192210+07:00,OK,https://gajianduluan.id/login,200
2025-07-11T09:26:21.636413+07:00,OK,https://cs.sim.co.id,200
2025-07-11T09:26:22.028539+07:00,OK,https://erp.simgroup.co.id,200
2025-07-11T09:26:22.491667+07:00,ERROR,http://117.102.114.14:8899/,404
2025-07-11T09:26:22.850378+07:00,OK,https://metabase.simgroup.co.id/,200
2025-07-11T09:26:25.448398+07:00,OK,https://sim.co.id,200
2025-07-11T09:26:25.843812+07:00,OK,https://PHL.co.id,200
2025-07-11T09:26:26.226192+07:00,OK,http://reportingbpr.simgroup.co.id/login,200
2025-07-11T09:26:26.539602+07:00,OK,https://arzettilaw.co.id,200
2025-07-11T09:26:26.822864+07:00,OK,https://cerdasmulia.id,200
2025-07-11T09:26:27.191371+07:00,DOWN,https://jagoti.simgroup.co.id,Unknown error
2025-07-11T09:26:31.444099+07:00,OK,https://jagoti.co.id,200
2025-07-11T09:26:31.950186+07:00,OK,https://mail.simgroup.co.id,200
2025-07-11T09:26:32.513374+07:00,OK,https://play.google.com/store/apps/details?id=id.gawe.gaweid2,200
2025-07-11T09:26:32.872839+07:00,OK,http://epsikotest.gawe.id/,200
2025-07-11T09:26:33.281129+07:00,OK,https://cleaning.id/login,200
2025-07-11T09:26:33.635118+07:00,OK,https://mobile.sysbpr.simgroup.co.id/auth/login,200
2025-07-11T09:26:34.965143+07:00,OK,https://kiss.gajianduluan.id:8890/,200
2025-07-11T09:26:35.879109+07:00,OK,http://css.simgroup.co.id/,200
2025-07-11T09:27:11.128973+07:00,OK,https://sim.co.id,200
2025-07-11T09:27:11.734161+07:00,OK,https://sysbpr.simgroup.co.id,200
2025-07-11T09:27:13.472200+07:00,OK,https://gawe.id,200
2025-07-11T09:27:13.826798+07:00,OK,http://simgroup.co.id,200
2025-07-11T09:27:14.225760+07:00,ERROR,https://newgallery.sim.co.id/login,404
2025-07-11T09:27:14.597752+07:00,OK,https://ticketing.simgroup.co.id,200
2025-07-11T09:27:15.027534+07:00,OK,https://cleaning.id/login,200
2025-07-11T09:27:15.531966+07:00,OK,https://salesrefi.com,200
2025-07-11T09:27:15.916250+07:00,OK,https://gajianduluan.id/login,200
2025-07-11T09:27:16.265950+07:00,OK,https://cs.sim.co.id,200
2025-07-11T09:27:16.621981+07:00,OK,https://erp.simgroup.co.id,200
2025-07-11T09:27:16.920973+07:00,ERROR,http://117.102.114.14:8899/,404
2025-07-11T09:27:17.267064+07:00,OK,https://metabase.simgroup.co.id/,200
2025-07-11T09:27:19.666618+07:00,OK,https://sim.co.id,200
2025-07-11T09:27:19.949016+07:00,OK,https://PHL.co.id,200
2025-07-11T09:27:20.350096+07:00,OK,http://reportingbpr.simgroup.co.id/login,200
2025-07-11T09:27:20.661377+07:00,OK,https://arzettilaw.co.id,200
2025-07-11T09:27:20.945991+07:00,OK,https://cerdasmulia.id,200
2025-07-11T09:27:21.358985+07:00,DOWN,https://jagoti.simgroup.co.id,Unknown error
2025-07-11T09:27:25.518954+07:00,OK,https://jagoti.co.id,200
2025-07-11T09:27:25.884083+07:00,OK,https://mail.simgroup.co.id,200
2025-07-11T09:27:26.350440+07:00,OK,https://play.google.com/store/apps/details?id=id.gawe.gaweid2,200
2025-07-11T09:27:26.722977+07:00,OK,http://epsikotest.gawe.id/,200
2025-07-11T09:27:27.131015+07:00,OK,https://cleaning.id/login,200
2025-07-11T09:27:27.496793+07:00,OK,https://mobile.sysbpr.simgroup.co.id/auth/login,200
2025-07-11T09:27:28.029349+07:00,OK,https://kiss.gajianduluan.id:8890/,200
2025-07-11T09:27:28.502818+07:00,OK,http://css.simgroup.co.id/,200
2025-07-11T09:33:56.666854+07:00,DOWN,https://ssim.co.id,"HTTPConnectionPool(host='ssim.co.id', port=80): Max retries exceeded with url: / (Caused by NameResolutionError(""<urllib3.connection.HTTPConnection object at 0x7c1ba9cdb280>: Failed to resolve 'ssim.co.id' ([Errno -2] Name or service not known)""))"
2025-07-11T09:34:00.806205+07:00,DOWN,https://ssysbpr.simgroup.co.id,"HTTPConnectionPool(host='ssysbpr.simgroup.co.id', port=80): Max retries exceeded with url: / (Caused by NameResolutionError(""<urllib3.connection.HTTPConnection object at 0x7c1ba9cdaf80>: Failed to resolve 'ssysbpr.simgroup.co.id' ([Errno -2] Name or service not known)""))"
2025-07-11T09:34:04.819062+07:00,DOWN,https://sgawe.id,"HTTPConnectionPool(host='sgawe.id', port=80): Max retries exceeded with url: / (Caused by NameResolutionError(""<urllib3.connection.HTTPConnection object at 0x7c1ba9ef6d70>: Failed to resolve 'sgawe.id' ([Errno -2] Name or service not known)""))"
2025-07-11T09:34:08.824477+07:00,DOWN,https://ssimgroup.co.id,"HTTPConnectionPool(host='ssimgroup.co.id', port=80): Max retries exceeded with url: / (Caused by NameResolutionError(""<urllib3.connection.HTTPConnection object at 0x7c1ba9cd8f10>: Failed to resolve 'ssimgroup.co.id' ([Errno -2] Name or service not known)""))"
2025-07-11T09:34:12.992394+07:00,ERROR,https://newgallery.sim.co.id/login,404
2025-07-11T09:34:13.405486+07:00,OK,https://ticketing.simgroup.co.id,200
2025-07-11T09:34:13.816140+07:00,OK,https://cleaning.id/login,200
2025-07-11T09:34:14.270799+07:00,OK,https://salesrefi.com,200
2025-07-11T09:34:14.588887+07:00,OK,https://gajianduluan.id/login,200
2025-07-11T09:34:18.796035+07:00,OK,https://cs.sim.co.id,200
2025-07-11T09:34:19.168171+07:00,OK,https://erp.simgroup.co.id,200
2025-07-11T09:34:19.478807+07:00,ERROR,http://117.102.114.14:8899/,404
2025-07-11T09:34:19.890818+07:00,OK,https://metabase.simgroup.co.id/,200
2025-07-11T09:34:22.805816+07:00,OK,https://sim.co.id,200
2025-07-11T09:34:23.077138+07:00,OK,https://PHL.co.id,200
2025-07-11T09:34:23.381538+07:00,OK,http://reportingbpr.simgroup.co.id/login,200
2025-07-11T09:34:23.666899+07:00,OK,https://arzettilaw.co.id,200
2025-07-11T09:34:23.981490+07:00,OK,https://cerdasmulia.id,200
2025-07-11T09:34:24.325816+07:00,DOWN,https://jagoti.simgroup.co.id,Unknown error
2025-07-11T09:34:28.640545+07:00,OK,https://jagoti.co.id,200
2025-07-11T09:34:28.951024+07:00,OK,https://mail.simgroup.co.id,200
2025-07-11T09:34:29.497808+07:00,OK,https://play.google.com/store/apps/details?id=id.gawe.gaweid2,200
2025-07-11T09:34:29.878445+07:00,OK,http://epsikotest.gawe.id/,200
2025-07-11T09:34:30.290332+07:00,OK,https://cleaning.id/login,200
2025-07-11T09:34:30.646978+07:00,OK,https://mobile.sysbpr.simgroup.co.id/auth/login,200
2025-07-11T09:34:31.204023+07:00,OK,https://kiss.gajianduluan.id:8890/,200
2025-07-11T09:34:31.571755+07:00,OK,http://css.simgroup.co.id/,200
2025-07-11T09:56:59.709594+07:00,OK,https://sim.co.id,200
2025-07-11T09:57:00.147937+07:00,OK,https://sysbpr.simgroup.co.id,200
2025-07-11T09:57:02.194668+07:00,OK,https://gawe.id,200
2025-07-11T09:57:02.605618+07:00,OK,https://simgroup.co.id,200
2025-07-11T09:57:03.047152+07:00,ERROR,https://newgallery.sim.co.id/login,404
2025-07-11T09:57:03.376669+07:00,OK,https://ticketing.simgroup.co.id,200
2025-07-11T09:57:03.816376+07:00,OK,https://cleaning.id/login,200
2025-07-11T09:57:04.296692+07:00,OK,https://salesrefi.com,200
2025-07-11T09:57:04.613563+07:00,OK,https://gajianduluan.id/login,200
2025-07-11T09:57:05.016406+07:00,OK,https://cs.sim.co.id,200
2025-07-11T09:57:05.385550+07:00,OK,https://erp.simgroup.co.id,200
2025-07-11T09:57:05.675625+07:00,ERROR,http://117.102.114.14:8899/,404
2025-07-11T09:57:06.063858+07:00,OK,https://metabase.simgroup.co.id/,200
2025-07-11T09:57:08.421600+07:00,OK,https://sim.co.id,200
2025-07-11T09:57:08.754833+07:00,OK,https://PHL.co.id,200
2025-07-11T09:57:09.070537+07:00,OK,http://reportingbpr.simgroup.co.id/login,200
2025-07-11T09:57:09.388833+07:00,OK,https://arzettilaw.co.id,200
2025-07-11T09:57:09.683902+07:00,OK,https://cerdasmulia.id,200
2025-07-11T09:57:09.969727+07:00,OK,https://jagoti.simgroup.co.id,200
2025-07-11T09:57:10.520120+07:00,OK,https://jagoti.co.id,200
2025-07-11T09:57:11.162046+07:00,OK,https://mail.simgroup.co.id,200
2025-07-11T09:57:11.621273+07:00,OK,https://play.google.com/store/apps/details?id=id.gawe.gaweid2,200
2025-07-11T09:57:17.007544+07:00,OK,http://epsikotest.gawe.id/,200
2025-07-11T09:57:17.399359+07:00,OK,https://cleaning.id/login,200
2025-07-11T09:57:17.781103+07:00,OK,https://mobile.sysbpr.simgroup.co.id/auth/login,200
2025-07-11T09:57:18.393393+07:00,OK,https://kiss.gajianduluan.id:8890/,200
2025-07-11T09:57:18.782129+07:00,OK,https://css.simgroup.co.id/,200
2025-07-11T09:59:14.700588+07:00,OK,https://sim.co.id,200
2025-07-11T09:59:15.093425+07:00,OK,https://sysbpr.simgroup.co.id,200
2025-07-11T09:59:22.706121+07:00,OK,http://gawe.id,200
2025-07-11T09:59:23.172715+07:00,OK,https://simgroup.co.id,200
2025-07-11T09:59:23.607517+07:00,ERROR,https://newgallery.sim.co.id/login,404
2025-07-11T09:59:23.945374+07:00,OK,https://ticketing.simgroup.co.id,200
2025-07-11T09:59:24.887581+07:00,OK,https://cleaning.id/login,200
2025-07-11T09:59:25.327481+07:00,OK,https://salesrefi.com,200
2025-07-11T09:59:25.646281+07:00,OK,https://gajianduluan.id/login,200
2025-07-11T09:59:26.013938+07:00,OK,https://cs.sim.co.id,200
2025-07-11T09:59:26.322817+07:00,OK,https://erp.simgroup.co.id,200
2025-07-11T09:59:26.609940+07:00,OK,http://117.102.114.14:8899/MobileSurvey/apps/auth/login,200
2025-07-11T09:59:26.958934+07:00,OK,https://metabase.simgroup.co.id/,200
2025-07-11T09:59:29.681584+07:00,OK,https://sim.co.id,200
2025-07-11T09:59:29.955145+07:00,OK,https://PHL.co.id,200
2025-07-11T09:59:30.231905+07:00,OK,http://reportingbpr.simgroup.co.id/login,200
2025-07-11T09:59:30.530283+07:00,OK,https://arzettilaw.co.id,200
2025-07-11T09:59:30.804637+07:00,OK,https://cerdasmulia.id,200
2025-07-11T09:59:31.081556+07:00,OK,https://jagoti.simgroup.co.id,200
2025-07-11T09:59:31.503464+07:00,OK,https://jagoti.co.id,200
2025-07-11T09:59:32.119021+07:00,OK,https://mail.simgroup.co.id,200
2025-07-11T09:59:32.557601+07:00,OK,https://play.google.com/store/apps/details?id=id.gawe.gaweid2,200
2025-07-11T09:59:38.724282+07:00,OK,http://epsikotest.gawe.id/,200
2025-07-11T09:59:39.124470+07:00,OK,https://cleaning.id/login,200
2025-07-11T09:59:39.486332+07:00,OK,https://mobile.sysbpr.simgroup.co.id/auth/login,200
2025-07-11T09:59:40.021942+07:00,OK,https://kiss.gajianduluan.id:8890/,200
2025-07-11T09:59:40.386714+07:00,OK,https://css.simgroup.co.id/,200
2025-07-11T10:00:53.413326+07:00,OK,https://sim.co.id,200
2025-07-11T10:00:53.945213+07:00,OK,https://sysbpr.simgroup.co.id,200
2025-07-11T10:00:54.613903+07:00,OK,https://gawe.id,200
2025-07-11T10:00:55.042691+07:00,OK,https://simgroup.co.id,200
2025-07-11T10:00:55.503639+07:00,OK,https://newgallery.sim.co.id,200
2025-07-11T10:00:55.822915+07:00,OK,https://ticketing.simgroup.co.id,200
2025-07-11T10:00:56.228758+07:00,OK,https://cleaning.id/login,200
2025-07-11T10:00:56.652112+07:00,OK,https://salesrefi.com,200
2025-07-11T10:00:56.937896+07:00,OK,https://gajianduluan.id/login,200
2025-07-11T10:00:57.357697+07:00,OK,https://cs.sim.co.id,200
2025-07-11T10:00:57.680502+07:00,OK,https://erp.simgroup.co.id,200
2025-07-11T10:00:57.979402+07:00,OK,http://117.102.114.14:8899/MobileSurvey/apps/auth/login,200
2025-07-11T10:00:58.338890+07:00,OK,https://metabase.simgroup.co.id/,200
2025-07-11T10:01:00.798528+07:00,OK,https://sim.co.id,200
2025-07-11T10:01:01.104873+07:00,OK,https://PHL.co.id,200
2025-07-11T10:01:01.387561+07:00,OK,http://reportingbpr.simgroup.co.id/login,200
2025-07-11T10:01:01.665870+07:00,OK,https://arzettilaw.co.id,200
2025-07-11T10:01:01.934604+07:00,OK,https://cerdasmulia.id,200
2025-07-11T10:01:02.209480+07:00,OK,https://jagoti.simgroup.co.id,200
2025-07-11T10:01:02.748151+07:00,OK,https://jagoti.co.id,200
2025-07-11T10:01:03.408454+07:00,OK,https://mail.simgroup.co.id,200
2025-07-11T10:01:03.858646+07:00,OK,https://play.google.com/store/apps/details?id=id.gawe.gaweid2,200
2025-07-11T10:01:09.254901+07:00,OK,http://epsikotest.gawe.id/,200
2025-07-11T10:01:09.673388+07:00,OK,https://cleaning.id/login,200
2025-07-11T10:01:10.031395+07:00,OK,https://mobile.sysbpr.simgroup.co.id/auth/login,200
2025-07-11T10:01:10.610105+07:00,OK,https://kiss.gajianduluan.id:8890/,200
2025-07-11T10:01:10.990979+07:00,OK,https://css.simgroup.co.id/,200
2025-07-11T10:04:43.286923+07:00,DOWN,https://sim.co.idd,"HTTPConnectionPool(host='sim.co.idd', port=80): Max retries exceeded with url: / (Caused by NameResolutionError(""<urllib3.connection.HTTPConnection object at 0x74debc043430>: Failed to resolve 'sim.co.idd' ([Errno -2] Name or service not known)""))"
2025-07-11T10:04:47.563234+07:00,OK,https://sysbpr.simgroup.co.id,200
2025-07-11T10:04:50.000753+07:00,OK,https://gawe.id,200
2025-07-11T10:04:50.676024+07:00,OK,https://simgroup.co.id,200
2025-07-11T10:04:51.197348+07:00,OK,https://newgallery.sim.co.id,200
2025-07-11T10:04:51.527113+07:00,OK,https://ticketing.simgroup.co.id,200
2025-07-11T10:04:51.937212+07:00,OK,https://cleaning.id/login,200
2025-07-11T10:04:52.381498+07:00,OK,https://salesrefi.com,200
2025-07-11T10:04:52.967257+07:00,OK,https://gajianduluan.id/login,200
2025-07-11T10:04:54.798765+07:00,OK,https://cs.sim.co.id,200
2025-07-11T10:04:55.314263+07:00,OK,https://erp.simgroup.co.id,200
2025-07-11T10:04:55.613885+07:00,OK,http://117.102.114.14:8899/MobileSurvey/apps/auth/login,200
2025-07-11T10:04:55.963247+07:00,OK,https://metabase.simgroup.co.id/,200
2025-07-11T10:04:58.458304+07:00,OK,https://sim.co.id,200
2025-07-11T10:04:58.743468+07:00,OK,https://PHL.co.id,200
2025-07-11T10:04:59.026354+07:00,OK,http://reportingbpr.simgroup.co.id/login,200
2025-07-11T10:04:59.333590+07:00,OK,https://arzettilaw.co.id,200
2025-07-11T10:04:59.619059+07:00,OK,https://cerdasmulia.id,200
2025-07-11T10:05:00.045951+07:00,OK,https://jagoti.simgroup.co.id,200
2025-07-11T10:05:00.521277+07:00,OK,https://jagoti.co.id,200
2025-07-11T10:05:01.095011+07:00,OK,https://mail.simgroup.co.id,200
2025-07-11T10:05:01.611164+07:00,OK,https://play.google.com/store/apps/details?id=id.gawe.gaweid2,200
2025-07-11T10:05:07.894257+07:00,OK,http://epsikotest.gawe.id/,200
2025-07-11T10:05:08.313284+07:00,OK,https://cleaning.id/login,200
2025-07-11T10:05:08.706612+07:00,OK,https://mobile.sysbpr.simgroup.co.id/auth/login,200
2025-07-11T10:05:09.246386+07:00,OK,https://kiss.gajianduluan.id:8890/,200
2025-07-11T10:05:09.729099+07:00,OK,https://css.simgroup.co.id/,200
2025-07-11T10:07:26.881409+07:00,OK,https://sim.co.id,200
2025-07-11T10:07:28.367406+07:00,OK,https://sysbpr.simgroup.co.id,200
2025-07-11T10:07:28.865209+07:00,OK,https://gawe.id,200
2025-07-11T10:07:29.245407+07:00,OK,https://simgroup.co.id,200
2025-07-11T10:07:30.242605+07:00,OK,https://newgallery.sim.co.id,200
2025-07-11T10:07:31.546854+07:00,OK,https://ticketing.simgroup.co.id,200
2025-07-11T10:07:31.934713+07:00,OK,https://cleaning.id/login,200
2025-07-11T10:07:32.370833+07:00,OK,https://salesrefi.com,200
2025-07-11T10:07:32.674922+07:00,OK,https://gajianduluan.id/login,200
2025-07-11T10:07:33.927086+07:00,OK,https://cs.sim.co.id,200
2025-07-11T10:07:34.257999+07:00,OK,https://erp.simgroup.co.id,200
2025-07-11T10:07:34.551565+07:00,OK,http://117.102.114.14:8899/MobileSurvey/apps/auth/login,200
2025-07-11T10:07:34.901663+07:00,OK,https://metabase.simgroup.co.id/,200
2025-07-11T10:07:37.412353+07:00,OK,https://sim.co.id,200
2025-07-11T10:07:37.693002+07:00,OK,https://PHL.co.id,200
2025-07-11T10:07:37.980383+07:00,OK,http://reportingbpr.simgroup.co.id/login,200
2025-07-11T10:07:38.291384+07:00,OK,https://arzettilaw.co.id,200
2025-07-11T10:07:38.619715+07:00,OK,https://cerdasmulia.id,200
2025-07-11T10:07:38.902847+07:00,OK,https://jagoti.simgroup.co.id,200
2025-07-11T10:07:39.348856+07:00,OK,https://jagoti.co.id,200
2025-07-11T10:07:39.930567+07:00,OK,https://mail.simgroup.co.id,200
2025-07-11T10:07:40.422077+07:00,OK,https://play.google.com/store/apps/details?id=id.gawe.gaweid2,200
2025-07-11T10:07:45.944215+07:00,OK,http://epsikotest.gawe.id/,200
2025-07-11T10:07:46.340172+07:00,OK,https://cleaning.id/login,200
2025-07-11T10:07:46.708622+07:00,OK,https://mobile.sysbpr.simgroup.co.id/auth/login,200
2025-07-11T10:07:47.247579+07:00,OK,https://kiss.gajianduluan.id:8890/,200
2025-07-11T10:07:47.881911+07:00,OK,https://css.simgroup.co.id/,200
